Product Name,Category,Brand,Release Year,Average Price 2015,Average Price 2020,Average Price 2025
iPhone 6,Smartphone,Apple,2014,649,Discontinued,Discontinued
iPhone 12,Smartphone,Apple,2020,N/A,799,599
Galaxy S6,Smartphone,Samsung,2015,699,Discontinued,Discontinued
Galaxy S20,Smartphone,Samsung,2020,N/A,999,749
MacBook Air (2015),Laptop,Apple,2015,999,799,Discontinued
"MacBook Air (M1, 2020)",Laptop,Apple,2020,N/A,999,899
Dell XPS 13,Laptop,Dell,2015,899,1199,1099
iPad Air 2,Tablet,Apple,2014,499,Discontinued,Discontinued
iPad Pro (2020),Tablet,Apple,2020,N/A,799,699
Amazon Echo (1st Gen),Smart Speaker,Amazon,2015,179,99,Discontinued
Amazon Echo (4th Gen),Smart Speaker,Amazon,2020,N/A,99,79
PlayStation 4,Gaming Console,Sony,2013,399,299,Discontinued
PlayStation 5,Gaming Console,Sony,2020,N/A,499,449
Fitbit Charge HR,Fitness Tracker,Fitbit,2015,149,Discontinued,Discontinued
Fitbit Charge 5,Fitness Tracker,Fitbit,2021,N/A,179,149
Chromecast (1st Gen),Streaming Device,Google,2013,35,Discontinued,Discontinued
Chromecast with Google TV,Streaming Device,Google,2020,N/A,50,40
Nintendo Switch,Gaming Console,Nintendo,2017,N/A,299,279
Oura Ring (1st Gen),Smart Ring,Oura,2015,299,Discontinued,Discontinued
Oura Ring 4,Smart Ring,Oura,2024,N/A,N/A,349
Microsoft Gaming Console Model 351,Headphones,Microsoft,2016,N/A,1290.8,922.0
Oura Smart Speaker Model 960,Laptop,Oura,2022,N/A,N/A,514.5
Acer Tablet Model 574,Smart Speaker,Acer,2023,N/A,N/A,548.0
HP Fitness Tracker Model 359,Smartwatch,HP,2023,N/A,N/A,979.5
Huawei Laptop Model 833,Headphones,Huawei,2023,N/A,N/A,1195.0
Asus Monitor Model 184,Smart Speaker,Asus,2022,N/A,N/A,266.5
Huawei Fitness Tracker Model 196,Monitor,Huawei,2023,N/A,N/A,1130.5
Lenovo Streaming Device Model 823,Smartphone,Lenovo,2015,2259,1581.3,1129.5
Dell Laptop Model 909,Smartwatch,Dell,2016,N/A,1338.3999999999999,956.0
Sony Tablet Model 150,Smart Speaker,Sony,2024,N/A,N/A,474.0
Apple Streaming Device Model 416,Smartphone,Apple,2015,1720,1204.0,860.0
Huawei Headphones Model 764,Smartwatch,Huawei,2024,N/A,N/A,608.5
Google Fitness Tracker Model 767,Smart Speaker,Google,2022,N/A,N/A,1113.0
Google Monitor Model 203,Gaming Console,Google,2017,N/A,82.6,59.0
Asus Tablet Model 781,Streaming Device,Asus,2022,N/A,N/A,358.5
Apple Smartwatch Model 329,Fitness Tracker,Apple,2018,N/A,950.5999999999999,679.0
Razer Smartphone Model 724,Gaming Console,Razer,2023,N/A,N/A,200.0
OnePlus Smartwatch Model 291,Headphones,OnePlus,2023,N/A,N/A,1476.5
Samsung Monitor Model 280,Smartphone,Samsung,2017,N/A,577.5,412.5
Garmin Tablet Model 342,Smart Speaker,Garmin,2016,N/A,1894.8999999999999,1353.5
Amazon Tablet Model 417,Smartwatch,Amazon,2023,N/A,N/A,1317.5
Amazon Smartwatch Model 128,Gaming Console,Amazon,2017,N/A,161.7,115.5
Acer Laptop Model 501,Gaming Console,Acer,2018,N/A,1907.4999999999998,1362.5
Amazon Smartphone Model 183,Tablet,Amazon,2018,N/A,389.9,278.5
Bose Streaming Device Model 109,Fitness Tracker,Bose,2018,N/A,354.9,253.5
Bose Smart Speaker Model 948,Laptop,Bose,2017,N/A,1381.1,986.5
Samsung Streaming Device Model 165,Tablet,Samsung,2020,N/A,441.0,315.0
Bose Smartwatch Model 699,Smartphone,Bose,2021,N/A,N/A,335.5
Google Smart Speaker Model 323,Laptop,Google,2019,N/A,2084.6,1489.0
HP Headphones Model 492,Headphones,HP,2018,N/A,1831.8999999999999,1308.5
Samsung Fitness Tracker Model 194,Fitness Tracker,Samsung,2016,N/A,837.1999999999999,598.0
Fitbit Monitor Model 244,Smart Speaker,Fitbit,2015,887,620.9,443.5
Apple Smartphone Model 846,Smartwatch,Apple,2015,672,470.4,336.0
Razer Gaming Console Model 846,Streaming Device,Razer,2018,N/A,253.39999999999998,181.0
Apple Tablet Model 236,Streaming Device,Apple,2015,2422,1695.3999999999999,1211.0
Bose Smartphone Model 107,Smartwatch,Bose,2024,N/A,N/A,1387.5
Bose Gaming Console Model 321,Laptop,Bose,2017,N/A,116.19999999999999,83.0
LG Fitness Tracker Model 519,Gaming Console,LG,2020,N/A,315.7,225.5
Garmin Headphones Model 479,Streaming Device,Garmin,2015,1142,799.4,571.0
Microsoft Gaming Console Model 480,Gaming Console,Microsoft,2023,N/A,N/A,53.0
Bose Streaming Device Model 568,Smartwatch,Bose,2018,N/A,583.8,417.0
Acer Smartphone Model 998,Tablet,Acer,2016,N/A,406.0,290.0
Oura Smart Speaker Model 211,Smartwatch,Oura,2024,N/A,N/A,161.0
Acer Tablet Model 211,Smart Speaker,Acer,2020,N/A,1312.5,937.5
Google Smartwatch Model 935,Laptop,Google,2018,N/A,366.79999999999995,262.0
OnePlus Gaming Console Model 981,Streaming Device,OnePlus,2016,N/A,1058.3999999999999,756.0
Garmin Headphones Model 538,Laptop,Garmin,2021,N/A,N/A,1459.0
Bose Monitor Model 317,Smart Speaker,Bose,2021,N/A,N/A,954.5
LG Smart Speaker Model 904,Smartwatch,LG,2017,N/A,1636.6,1169.0
Dell Monitor Model 298,Gaming Console,Dell,2022,N/A,N/A,246.5
OnePlus Fitness Tracker Model 305,Headphones,OnePlus,2019,N/A,1206.1,861.5
HP Laptop Model 190,Smartwatch,HP,2017,N/A,1586.8999999999999,1133.5
LG Fitness Tracker Model 886,Smartwatch,LG,2017,N/A,623.6999999999999,445.5
Oura Gaming Console Model 338,Monitor,Oura,2023,N/A,N/A,1374.5
Amazon Smartwatch Model 211,Tablet,Amazon,2024,N/A,N/A,1014.5
Garmin Tablet Model 540,Streaming Device,Garmin,2016,N/A,1712.1999999999998,1223.0
Microsoft Smart Speaker Model 325,Smartwatch,Microsoft,2016,N/A,1747.8999999999999,1248.5
Fitbit Streaming Device Model 536,Tablet,Fitbit,2016,N/A,1918.6999999999998,1370.5
Huawei Fitness Tracker Model 600,Fitness Tracker,Huawei,2019,N/A,1081.5,772.5
Razer Monitor Model 223,Gaming Console,Razer,2023,N/A,N/A,76.0
Oura Streaming Device Model 527,Headphones,Oura,2020,N/A,105.69999999999999,75.5
Google Laptop Model 767,Tablet,Google,2023,N/A,N/A,751.0
Lenovo Headphones Model 185,Laptop,Lenovo,2021,N/A,N/A,516.5
LG Tablet Model 718,Smartwatch,LG,2021,N/A,N/A,452.0
Garmin Fitness Tracker Model 331,Tablet,Garmin,2020,N/A,122.49999999999999,87.5
Dell Streaming Device Model 930,Tablet,Dell,2024,N/A,N/A,508.0
Bose Headphones Model 246,Laptop,Bose,2015,1788,1251.6,894.0
Samsung Streaming Device Model 975,Smartwatch,Samsung,2020,N/A,1019.9,728.5
Microsoft Monitor Model 135,Smartphone,Microsoft,2018,N/A,270.9,193.5
Sony Smartphone Model 998,Smartphone,Sony,2018,N/A,218.39999999999998,156.0
Samsung Streaming Device Model 862,Tablet,Samsung,2016,N/A,329.0,235.0
HP Smartphone Model 495,Headphones,HP,2021,N/A,N/A,279.0
LG Monitor Model 777,Smartwatch,LG,2022,N/A,N/A,1416.5
Sony Gaming Console Model 701,Smart Speaker,Sony,2021,N/A,N/A,1226.5
HP Laptop Model 976,Smartphone,HP,2021,N/A,N/A,1157.5
Huawei Tablet Model 419,Smart Speaker,Huawei,2020,N/A,618.0999999999999,441.5
Fitbit Tablet Model 916,Tablet,Fitbit,2024,N/A,N/A,431.0
Apple Streaming Device Model 871,Gaming Console,Apple,2018,N/A,561.4,401.0
Google Smart Speaker Model 323,Smartwatch,Google,2019,N/A,361.2,258.0
OnePlus Headphones Model 199,Streaming Device,OnePlus,2019,N/A,1428.6999999999998,1020.5
OnePlus Laptop Model 640,Tablet,OnePlus,2015,382,267.4,191.0
Huawei Smartwatch Model 995,Streaming Device,Huawei,2018,N/A,1134.6999999999998,810.5
Apple Smartwatch Model 790,Streaming Device,Apple,2018,N/A,478.79999999999995,342.0
Fitbit Smartphone Model 514,Tablet,Fitbit,2015,1380,965.9999999999999,690.0
Microsoft Streaming Device Model 313,Fitness Tracker,Microsoft,2024,N/A,N/A,1322.0
Asus Tablet Model 766,Headphones,Asus,2015,1141,798.6999999999999,570.5
HP Gaming Console Model 283,Headphones,HP,2023,N/A,N/A,1136.5
Garmin Gaming Console Model 705,Tablet,Garmin,2015,2717,1901.8999999999999,1358.5
HP Headphones Model 330,Laptop,HP,2022,N/A,N/A,274.0
Razer Smartwatch Model 717,Smartwatch,Razer,2017,N/A,944.9999999999999,675.0
Acer Smartphone Model 759,Streaming Device,Acer,2018,N/A,1687.6999999999998,1205.5
Razer Streaming Device Model 609,Monitor,Razer,2024,N/A,N/A,1379.0
Oura Smartwatch Model 438,Gaming Console,Oura,2016,N/A,1064.0,760.0
LG Laptop Model 751,Streaming Device,LG,2017,N/A,1659.0,1185.0
Asus Fitness Tracker Model 123,Smartphone,Asus,2024,N/A,N/A,1390.5
Razer Gaming Console Model 117,Gaming Console,Razer,2024,N/A,N/A,1074.0
Oura Tablet Model 688,Tablet,Oura,2021,N/A,N/A,1066.0
Samsung Gaming Console Model 798,Smartwatch,Samsung,2019,N/A,2062.9,1473.5
Oura Smart Speaker Model 370,Tablet,Oura,2024,N/A,N/A,249.0
Amazon Smart Speaker Model 141,Tablet,Amazon,2019,N/A,168.7,120.5
Amazon Gaming Console Model 207,Smartwatch,Amazon,2023,N/A,N/A,966.5
Apple Headphones Model 624,Streaming Device,Apple,2019,N/A,1351.0,965.0
Amazon Streaming Device Model 204,Gaming Console,Amazon,2018,N/A,1827.6999999999998,1305.5
Acer Smartwatch Model 480,Smartwatch,Acer,2015,787,550.9,393.5
Garmin Smartphone Model 574,Streaming Device,Garmin,2016,N/A,1323.0,945.0
Amazon Gaming Console Model 215,Gaming Console,Amazon,2020,N/A,1137.5,812.5
OnePlus Smartphone Model 108,Tablet,OnePlus,2022,N/A,N/A,292.5
Fitbit Gaming Console Model 940,Smart Speaker,Fitbit,2022,N/A,N/A,1152.5
Bose Smartphone Model 205,Monitor,Bose,2019,N/A,780.5,557.5
Lenovo Tablet Model 300,Fitness Tracker,Lenovo,2015,2633,1843.1,1316.5
Samsung Monitor Model 224,Smartphone,Samsung,2018,N/A,73.5,52.5
OnePlus Headphones Model 534,Smartwatch,OnePlus,2015,101,70.69999999999999,50.5
Asus Smart Speaker Model 743,Smartphone,Asus,2022,N/A,N/A,251.5
Dell Smart Speaker Model 341,Smartphone,Dell,2016,N/A,550.9,393.5
HP Smart Speaker Model 657,Monitor,HP,2021,N/A,N/A,1091.5
Bose Streaming Device Model 516,Laptop,Bose,2015,2811,1967.6999999999998,1405.5
Samsung Tablet Model 821,Gaming Console,Samsung,2023,N/A,N/A,824.5
Samsung Smartphone Model 764,Laptop,Samsung,2017,N/A,637.0,455.0
HP Laptop Model 806,Headphones,HP,2020,N/A,1344.0,960.0
Dell Tablet Model 256,Smart Speaker,Dell,2018,N/A,2069.9,1478.5
HP Tablet Model 769,Laptop,HP,2017,N/A,1269.1,906.5
OnePlus Fitness Tracker Model 779,Laptop,OnePlus,2022,N/A,N/A,1295.0
LG Streaming Device Model 433,Gaming Console,LG,2022,N/A,N/A,1386.5
Razer Smartphone Model 902,Monitor,Razer,2018,N/A,258.3,184.5
Huawei Smart Speaker Model 734,Laptop,Huawei,2018,N/A,1377.6,984.0
Sony Monitor Model 467,Headphones,Sony,2024,N/A,N/A,1205.5
Samsung Streaming Device Model 605,Gaming Console,Samsung,2020,N/A,1810.1999999999998,1293.0
Garmin Smartphone Model 383,Smart Speaker,Garmin,2022,N/A,N/A,714.5
Asus Streaming Device Model 550,Headphones,Asus,2020,N/A,92.39999999999999,66.0
Acer Headphones Model 174,Fitness Tracker,Acer,2015,1552,1086.3999999999999,776.0
Asus Smartphone Model 157,Monitor,Asus,2022,N/A,N/A,230.5
Asus Headphones Model 557,Gaming Console,Asus,2015,147,102.89999999999999,73.5
Google Streaming Device Model 952,Laptop,Google,2019,N/A,93.1,66.5
Amazon Laptop Model 638,Tablet,Amazon,2016,N/A,2004.8,1432.0
Samsung Laptop Model 972,Monitor,Samsung,2015,2389,1672.3,1194.5
Dell Tablet Model 742,Laptop,Dell,2017,N/A,1954.3999999999999,1396.0
Fitbit Smartphone Model 834,Smart Speaker,Fitbit,2020,N/A,1768.1999999999998,1263.0
Bose Tablet Model 551,Gaming Console,Bose,2015,960,672.0,480.0
Bose Gaming Console Model 903,Laptop,Bose,2019,N/A,60.9,43.5
Microsoft Tablet Model 242,Laptop,Microsoft,2018,N/A,737.8,527.0
Oura Fitness Tracker Model 278,Laptop,Oura,2015,1828,1279.6,914.0
HP Laptop Model 698,Headphones,HP,2016,N/A,777.0,555.0
Apple Smartphone Model 687,Smartphone,Apple,2017,N/A,746.9,533.5
Dell Streaming Device Model 307,Monitor,Dell,2023,N/A,N/A,597.0
Oura Laptop Model 589,Smart Speaker,Oura,2017,N/A,1985.1999999999998,1418.0
Amazon Gaming Console Model 922,Smartphone,Amazon,2017,N/A,639.8,457.0
Acer Streaming Device Model 785,Headphones,Acer,2016,N/A,934.4999999999999,667.5
Amazon Gaming Console Model 472,Monitor,Amazon,2015,2399,1679.3,1199.5
Sony Smartwatch Model 413,Laptop,Sony,2016,N/A,1075.1999999999998,768.0
HP Fitness Tracker Model 821,Tablet,HP,2021,N/A,N/A,1266.0
Google Streaming Device Model 523,Smartwatch,Google,2021,N/A,N/A,776.0
Apple Monitor Model 994,Gaming Console,Apple,2023,N/A,N/A,756.5
Lenovo Streaming Device Model 714,Streaming Device,Lenovo,2023,N/A,N/A,371.0
Apple Smartphone Model 820,Smartwatch,Apple,2018,N/A,1145.8999999999999,818.5
Fitbit Fitness Tracker Model 909,Smartphone,Fitbit,2023,N/A,N/A,1086.0
Samsung Smart Speaker Model 897,Gaming Console,Samsung,2015,990,693.0,495.0
Fitbit Monitor Model 643,Smartwatch,Fitbit,2024,N/A,N/A,412.5
Garmin Fitness Tracker Model 352,Fitness Tracker,Garmin,2021,N/A,N/A,1184.5
Huawei Laptop Model 375,Fitness Tracker,Huawei,2024,N/A,N/A,644.0
HP Smart Speaker Model 555,Smartphone,HP,2020,N/A,1684.8999999999999,1203.5
HP Laptop Model 106,Smartwatch,HP,2020,N/A,2046.8,1462.0
Amazon Laptop Model 228,Smart Speaker,Amazon,2024,N/A,N/A,1304.5
Bose Laptop Model 504,Laptop,Bose,2020,N/A,647.5,462.5
HP Headphones Model 870,Monitor,HP,2017,N/A,1342.6,959.0
Oura Smart Speaker Model 405,Smartphone,Oura,2020,N/A,269.5,192.5
Google Laptop Model 840,Streaming Device,Google,2021,N/A,N/A,242.0
Samsung Smart Speaker Model 291,Laptop,Samsung,2024,N/A,N/A,504.0
Lenovo Streaming Device Model 258,Streaming Device,Lenovo,2016,N/A,695.0999999999999,496.5
HP Streaming Device Model 970,Tablet,HP,2018,N/A,1775.8999999999999,1268.5
Sony Monitor Model 411,Fitness Tracker,Sony,2017,N/A,1597.3999999999999,1141.0
LG Monitor Model 694,Smart Speaker,LG,2024,N/A,N/A,1220.0
Microsoft Streaming Device Model 917,Headphones,Microsoft,2019,N/A,750.4,536.0
Sony Tablet Model 930,Smartwatch,Sony,2016,N/A,1280.3,914.5
Apple Monitor Model 490,Fitness Tracker,Apple,2024,N/A,N/A,1454.5
Samsung Laptop Model 800,Laptop,Samsung,2023,N/A,N/A,174.5
Microsoft Tablet Model 599,Streaming Device,Microsoft,2023,N/A,N/A,1378.0
Samsung Smart Speaker Model 913,Laptop,Samsung,2019,N/A,445.2,318.0
OnePlus Laptop Model 237,Fitness Tracker,OnePlus,2015,1160,812.0,580.0
LG Streaming Device Model 416,Monitor,LG,2022,N/A,N/A,893.5
Fitbit Laptop Model 828,Smartwatch,Fitbit,2024,N/A,N/A,904.0
Amazon Smart Speaker Model 708,Fitness Tracker,Amazon,2018,N/A,1577.1,1126.5
Sony Smart Speaker Model 845,Smartphone,Sony,2022,N/A,N/A,323.5
Garmin Headphones Model 429,Smart Speaker,Garmin,2019,N/A,675.5,482.5
Huawei Tablet Model 248,Tablet,Huawei,2024,N/A,N/A,730.5
Sony Tablet Model 879,Smartwatch,Sony,2019,N/A,1599.5,1142.5
Bose Gaming Console Model 559,Tablet,Bose,2017,N/A,1346.8,962.0
Oura Smartphone Model 834,Laptop,Oura,2020,N/A,285.59999999999997,204.0
Apple Laptop Model 261,Gaming Console,Apple,2015,2413,1689.1,1206.5
Asus Smart Speaker Model 687,Smartwatch,Asus,2017,N/A,1206.1,861.5
Oura Fitness Tracker Model 862,Monitor,Oura,2015,1669,1168.3,834.5
Razer Smartphone Model 434,Tablet,Razer,2022,N/A,N/A,887.5
Samsung Gaming Console Model 721,Smartphone,Samsung,2020,N/A,1125.6,804.0
Apple Smart Speaker Model 517,Monitor,Apple,2022,N/A,N/A,629.0
Sony Tablet Model 312,Monitor,Sony,2021,N/A,N/A,116.0
Garmin Smart Speaker Model 831,Gaming Console,Garmin,2016,N/A,228.2,163.0
Asus Streaming Device Model 478,Streaming Device,Asus,2019,N/A,652.4,466.0
Microsoft Smart Speaker Model 401,Laptop,Microsoft,2021,N/A,N/A,320.0
Acer Smartphone Model 690,Smart Speaker,Acer,2024,N/A,N/A,238.5
Sony Monitor Model 944,Monitor,Sony,2023,N/A,N/A,1296.5
OnePlus Headphones Model 576,Fitness Tracker,OnePlus,2020,N/A,1752.8,1252.0
Asus Smartphone Model 833,Fitness Tracker,Asus,2015,1619,1133.3,809.5
Garmin Headphones Model 186,Laptop,Garmin,2019,N/A,388.5,277.5
Microsoft Streaming Device Model 396,Headphones,Microsoft,2024,N/A,N/A,1111.0
Samsung Smart Speaker Model 559,Smartphone,Samsung,2023,N/A,N/A,805.0
Sony Smart Speaker Model 213,Tablet,Sony,2022,N/A,N/A,882.5
Huawei Tablet Model 175,Monitor,Huawei,2017,N/A,1903.3,1359.5
HP Smartphone Model 544,Monitor,HP,2018,N/A,731.5,522.5
Bose Smartphone Model 102,Smartphone,Bose,2017,N/A,829.5,592.5
Oura Monitor Model 982,Streaming Device,Oura,2018,N/A,928.1999999999999,663.0
Oura Fitness Tracker Model 874,Smartphone,Oura,2021,N/A,N/A,1448.5
Microsoft Smart Speaker Model 590,Smart Speaker,Microsoft,2016,N/A,597.0999999999999,426.5
Amazon Laptop Model 512,Tablet,Amazon,2020,N/A,1236.1999999999998,883.0
Razer Headphones Model 131,Monitor,Razer,2018,N/A,1309.6999999999998,935.5
Oura Smartwatch Model 983,Smart Speaker,Oura,2023,N/A,N/A,1252.5
Google Smartwatch Model 167,Tablet,Google,2015,1259,881.3,629.5
OnePlus Headphones Model 177,Tablet,OnePlus,2023,N/A,N/A,1437.5
HP Smart Speaker Model 653,Fitness Tracker,HP,2022,N/A,N/A,1165.5
Lenovo Tablet Model 668,Laptop,Lenovo,2018,N/A,1106.0,790.0
Bose Monitor Model 968,Smart Speaker,Bose,2016,N/A,1165.5,832.5
Acer Smart Speaker Model 770,Gaming Console,Acer,2019,N/A,914.9,653.5
Bose Smartwatch Model 811,Headphones,Bose,2023,N/A,N/A,315.5
Amazon Streaming Device Model 242,Laptop,Amazon,2021,N/A,N/A,785.0
Amazon Smart Speaker Model 466,Smartwatch,Amazon,2016,N/A,416.5,297.5
Garmin Smartphone Model 687,Headphones,Garmin,2020,N/A,1393.0,995.0
HP Fitness Tracker Model 990,Streaming Device,HP,2019,N/A,633.5,452.5
Microsoft Smart Speaker Model 248,Tablet,Microsoft,2023,N/A,N/A,429.0
Fitbit Tablet Model 761,Smartphone,Fitbit,2022,N/A,N/A,447.5
Lenovo Gaming Console Model 388,Smart Speaker,Lenovo,2022,N/A,N/A,497.0
Huawei Laptop Model 265,Tablet,Huawei,2019,N/A,2088.1,1491.5
Huawei Laptop Model 679,Fitness Tracker,Huawei,2018,N/A,968.8,692.0
Lenovo Smartwatch Model 261,Tablet,Lenovo,2022,N/A,N/A,1047.0
LG Smartphone Model 384,Streaming Device,LG,2019,N/A,1843.1,1316.5
Huawei Gaming Console Model 388,Smartphone,Huawei,2020,N/A,110.6,79.0
Microsoft Smartphone Model 889,Smartwatch,Microsoft,2016,N/A,823.9,588.5
OnePlus Smartphone Model 996,Tablet,OnePlus,2017,N/A,219.79999999999998,157.0
Oura Streaming Device Model 266,Headphones,Oura,2017,N/A,163.1,116.5
Samsung Streaming Device Model 971,Smartwatch,Samsung,2018,N/A,1134.6999999999998,810.5
Microsoft Gaming Console Model 543,Gaming Console,Microsoft,2015,794,555.8,397.0
HP Streaming Device Model 611,Smartphone,HP,2019,N/A,831.5999999999999,594.0
Oura Smart Speaker Model 734,Smartwatch,Oura,2018,N/A,1262.8,902.0
Amazon Fitness Tracker Model 106,Streaming Device,Amazon,2024,N/A,N/A,1460.5
Bose Smartphone Model 727,Monitor,Bose,2017,N/A,1505.6999999999998,1075.5
Sony Smartphone Model 944,Headphones,Sony,2017,N/A,2025.8,1447.0
Amazon Streaming Device Model 352,Streaming Device,Amazon,2023,N/A,N/A,1341.0
Google Laptop Model 582,Fitness Tracker,Google,2024,N/A,N/A,601.0
Google Laptop Model 474,Gaming Console,Google,2022,N/A,N/A,701.5
Apple Laptop Model 277,Gaming Console,Apple,2019,N/A,1359.3999999999999,971.0
HP Smartwatch Model 737,Headphones,HP,2023,N/A,N/A,875.0
HP Streaming Device Model 521,Laptop,HP,2020,N/A,1466.5,1047.5
Asus Fitness Tracker Model 726,Fitness Tracker,Asus,2020,N/A,445.9,318.5
Razer Fitness Tracker Model 664,Gaming Console,Razer,2024,N/A,N/A,1104.0
Apple Fitness Tracker Model 105,Laptop,Apple,2021,N/A,N/A,721.5
Oura Headphones Model 604,Smartwatch,Oura,2020,N/A,632.8,452.0
HP Tablet Model 227,Fitness Tracker,HP,2021,N/A,N/A,992.5
OnePlus Smartwatch Model 644,Fitness Tracker,OnePlus,2016,N/A,443.09999999999997,316.5
LG Smart Speaker Model 859,Monitor,LG,2016,N/A,1945.3,1389.5
LG Gaming Console Model 459,Laptop,LG,2019,N/A,1236.1999999999998,883.0
HP Monitor Model 657,Gaming Console,HP,2015,825,577.5,412.5
Sony Monitor Model 693,Smart Speaker,Sony,2023,N/A,N/A,1039.5
Amazon Fitness Tracker Model 184,Laptop,Amazon,2019,N/A,345.79999999999995,247.0
Google Smart Speaker Model 131,Tablet,Google,2018,N/A,2072.7,1480.5
Sony Smart Speaker Model 106,Smartphone,Sony,2019,N/A,887.5999999999999,634.0
Google Streaming Device Model 123,Smartwatch,Google,2024,N/A,N/A,764.0
Lenovo Streaming Device Model 996,Monitor,Lenovo,2023,N/A,N/A,432.5
Microsoft Headphones Model 340,Streaming Device,Microsoft,2015,1115,780.5,557.5
Huawei Smartwatch Model 432,Laptop,Huawei,2015,2609,1826.3,1304.5
Bose Streaming Device Model 572,Tablet,Bose,2017,N/A,1792.0,1280.0
Bose Smartwatch Model 935,Headphones,Bose,2024,N/A,N/A,1144.5
Huawei Gaming Console Model 468,Streaming Device,Huawei,2018,N/A,1092.0,780.0
OnePlus Tablet Model 512,Streaming Device,OnePlus,2017,N/A,930.9999999999999,665.0
OnePlus Gaming Console Model 145,Smartphone,OnePlus,2016,N/A,1258.6,899.0
Huawei Monitor Model 531,Smartphone,Huawei,2016,N/A,1073.8,767.0
Google Smart Speaker Model 363,Laptop,Google,2016,N/A,896.0,640.0
Apple Monitor Model 962,Fitness Tracker,Apple,2018,N/A,911.4,651.0
Sony Streaming Device Model 275,Monitor,Sony,2016,N/A,288.4,206.0
Apple Smartwatch Model 667,Smartphone,Apple,2019,N/A,84.0,60.0
Samsung Smart Speaker Model 685,Smartwatch,Samsung,2016,N/A,212.1,151.5
Razer Gaming Console Model 210,Smart Speaker,Razer,2024,N/A,N/A,1400.5
Fitbit Smart Speaker Model 140,Tablet,Fitbit,2020,N/A,814.0999999999999,581.5
OnePlus Laptop Model 899,Headphones,OnePlus,2022,N/A,N/A,672.0
Asus Monitor Model 827,Streaming Device,Asus,2021,N/A,N/A,1228.5
Bose Smartwatch Model 239,Smart Speaker,Bose,2021,N/A,N/A,1133.0
Microsoft Monitor Model 181,Laptop,Microsoft,2018,N/A,482.99999999999994,345.0
LG Smartwatch Model 266,Monitor,LG,2016,N/A,280.7,200.5
Fitbit Fitness Tracker Model 550,Smartwatch,Fitbit,2018,N/A,628.5999999999999,449.0
Sony Tablet Model 556,Streaming Device,Sony,2015,2901,2030.6999999999998,1450.5
Amazon Laptop Model 961,Gaming Console,Amazon,2017,N/A,364.0,260.0
OnePlus Headphones Model 997,Tablet,OnePlus,2022,N/A,N/A,986.5
Razer Smartwatch Model 287,Fitness Tracker,Razer,2018,N/A,694.4,496.0
Microsoft Laptop Model 214,Gaming Console,Microsoft,2017,N/A,77.0,55.0
Asus Smartphone Model 469,Monitor,Asus,2022,N/A,N/A,276.0
Garmin Smartwatch Model 194,Gaming Console,Garmin,2017,N/A,1148.0,820.0
Fitbit Smartwatch Model 832,Tablet,Fitbit,2018,N/A,1898.3999999999999,1356.0
Razer Smartphone Model 971,Smartwatch,Razer,2015,72,50.4,36.0
HP Headphones Model 150,Laptop,HP,2022,N/A,N/A,1104.0
Amazon Headphones Model 168,Smart Speaker,Amazon,2023,N/A,N/A,230.5
Google Gaming Console Model 479,Smartwatch,Google,2022,N/A,N/A,1338.0
HP Smartwatch Model 888,Fitness Tracker,HP,2018,N/A,1457.3999999999999,1041.0
Fitbit Smart Speaker Model 217,Smartphone,Fitbit,2021,N/A,N/A,778.5
OnePlus Fitness Tracker Model 336,Smartwatch,OnePlus,2017,N/A,2016.6999999999998,1440.5
Garmin Laptop Model 511,Streaming Device,Garmin,2022,N/A,N/A,390.0
Huawei Smartphone Model 513,Headphones,Huawei,2024,N/A,N/A,520.5
Oura Tablet Model 613,Smartphone,Oura,2022,N/A,N/A,1418.0
Microsoft Headphones Model 499,Smart Speaker,Microsoft,2019,N/A,1760.5,1257.5
Microsoft Fitness Tracker Model 136,Headphones,Microsoft,2015,392,274.4,196.0
Google Laptop Model 357,Smart Speaker,Google,2022,N/A,N/A,1401.5
Microsoft Headphones Model 151,Smartwatch,Microsoft,2017,N/A,2025.1,1446.5
Lenovo Gaming Console Model 393,Smart Speaker,Lenovo,2019,N/A,818.3,584.5
Amazon Laptop Model 753,Fitness Tracker,Amazon,2021,N/A,N/A,1417.5
LG Tablet Model 839,Smartphone,LG,2016,N/A,1467.1999999999998,1048.0
Bose Headphones Model 560,Headphones,Bose,2022,N/A,N/A,1448.5
Garmin Tablet Model 240,Fitness Tracker,Garmin,2024,N/A,N/A,950.0
Asus Gaming Console Model 437,Headphones,Asus,2024,N/A,N/A,1459.0
Bose Smartwatch Model 993,Gaming Console,Bose,2024,N/A,N/A,1223.0
Oura Smartwatch Model 364,Fitness Tracker,Oura,2016,N/A,1829.1,1306.5
Samsung Gaming Console Model 823,Fitness Tracker,Samsung,2023,N/A,N/A,835.5
Dell Tablet Model 994,Tablet,Dell,2019,N/A,639.0999999999999,456.5
Razer Headphones Model 342,Gaming Console,Razer,2022,N/A,N/A,844.5
Asus Laptop Model 617,Laptop,Asus,2017,N/A,271.59999999999997,194.0
LG Laptop Model 711,Smartwatch,LG,2024,N/A,N/A,1211.5
Lenovo Smartphone Model 166,Smart Speaker,Lenovo,2015,1346,942.1999999999999,673.0
Bose Smart Speaker Model 745,Tablet,Bose,2022,N/A,N/A,1132.5
OnePlus Smart Speaker Model 466,Smartphone,OnePlus,2021,N/A,N/A,1107.5
Google Smart Speaker Model 553,Monitor,Google,2021,N/A,N/A,58.0
HP Tablet Model 228,Laptop,HP,2023,N/A,N/A,599.5
Dell Smartwatch Model 487,Laptop,Dell,2021,N/A,N/A,979.0
Fitbit Smart Speaker Model 815,Fitness Tracker,Fitbit,2019,N/A,380.79999999999995,272.0
Acer Gaming Console Model 357,Smartwatch,Acer,2015,1214,849.8,607.0
Lenovo Fitness Tracker Model 570,Tablet,Lenovo,2021,N/A,N/A,814.5
Apple Laptop Model 289,Monitor,Apple,2024,N/A,N/A,787.5
Dell Headphones Model 365,Smartwatch,Dell,2024,N/A,N/A,359.0
Sony Smart Speaker Model 265,Smart Speaker,Sony,2022,N/A,N/A,275.0
Razer Smart Speaker Model 374,Monitor,Razer,2021,N/A,N/A,237.0
Amazon Headphones Model 456,Laptop,Amazon,2023,N/A,N/A,128.0
Google Smart Speaker Model 187,Tablet,Google,2020,N/A,1987.9999999999998,1420.0
Acer Tablet Model 905,Smart Speaker,Acer,2023,N/A,N/A,1360.5
Sony Laptop Model 326,Fitness Tracker,Sony,2018,N/A,1705.1999999999998,1218.0
Apple Smartphone Model 814,Tablet,Apple,2018,N/A,250.6,179.0
Huawei Fitness Tracker Model 102,Smartphone,Huawei,2015,2950,2065.0,1475.0
Acer Tablet Model 523,Smart Speaker,Acer,2022,N/A,N/A,966.5
Acer Smartphone Model 935,Smartwatch,Acer,2020,N/A,649.5999999999999,464.0
Razer Headphones Model 235,Smart Speaker,Razer,2021,N/A,N/A,1414.0
Samsung Streaming Device Model 883,Headphones,Samsung,2022,N/A,N/A,806.0
Garmin Smart Speaker Model 756,Laptop,Garmin,2015,1791,1253.6999999999998,895.5
OnePlus Smartwatch Model 303,Headphones,OnePlus,2016,N/A,613.1999999999999,438.0
Huawei Fitness Tracker Model 790,Monitor,Huawei,2024,N/A,N/A,800.0
LG Headphones Model 866,Streaming Device,LG,2023,N/A,N/A,567.5
Oura Monitor Model 689,Fitness Tracker,Oura,2017,N/A,1989.3999999999999,1421.0
Asus Smartphone Model 524,Headphones,Asus,2022,N/A,N/A,603.0
Amazon Fitness Tracker Model 389,Fitness Tracker,Amazon,2021,N/A,N/A,977.5
Apple Laptop Model 239,Smartphone,Apple,2019,N/A,1273.3,909.5
Razer Smartwatch Model 816,Streaming Device,Razer,2016,N/A,299.59999999999997,214.0
LG Smartphone Model 230,Laptop,LG,2018,N/A,364.7,260.5
Google Fitness Tracker Model 144,Smartwatch,Google,2023,N/A,N/A,792.0
Fitbit Gaming Console Model 685,Tablet,Fitbit,2021,N/A,N/A,1134.0
Huawei Laptop Model 172,Fitness Tracker,Huawei,2019,N/A,2088.7999999999997,1492.0
Razer Laptop Model 883,Tablet,Razer,2023,N/A,N/A,989.5
Google Gaming Console Model 869,Laptop,Google,2018,N/A,261.09999999999997,186.5
Huawei Smartwatch Model 909,Streaming Device,Huawei,2015,2686,1880.1999999999998,1343.0
Sony Smartphone Model 212,Gaming Console,Sony,2015,407,284.9,203.5
Oura Smart Speaker Model 679,Gaming Console,Oura,2017,N/A,611.0999999999999,436.5
Acer Streaming Device Model 457,Laptop,Acer,2019,N/A,2039.1,1456.5
Acer Fitness Tracker Model 468,Gaming Console,Acer,2017,N/A,935.9,668.5
LG Fitness Tracker Model 596,Headphones,LG,2023,N/A,N/A,1332.0
Acer Laptop Model 948,Monitor,Acer,2015,1142,799.4,571.0
Acer Tablet Model 988,Monitor,Acer,2024,N/A,N/A,583.0
Google Smartwatch Model 499,Streaming Device,Google,2023,N/A,N/A,303.0
Apple Smart Speaker Model 579,Monitor,Apple,2018,N/A,333.9,238.5
LG Smart Speaker Model 544,Fitness Tracker,LG,2017,N/A,335.29999999999995,239.5
HP Streaming Device Model 131,Smart Speaker,HP,2015,945,661.5,472.5
Lenovo Streaming Device Model 517,Tablet,Lenovo,2024,N/A,N/A,1224.0
Garmin Monitor Model 779,Headphones,Garmin,2019,N/A,263.9,188.5
Huawei Headphones Model 508,Streaming Device,Huawei,2018,N/A,133.7,95.5
Google Smart Speaker Model 226,Monitor,Google,2019,N/A,851.1999999999999,608.0
Lenovo Smartwatch Model 882,Laptop,Lenovo,2023,N/A,N/A,1218.0
HP Laptop Model 209,Fitness Tracker,HP,2019,N/A,1621.1999999999998,1158.0
Google Gaming Console Model 295,Smartphone,Google,2018,N/A,1119.3,799.5
Apple Fitness Tracker Model 121,Tablet,Apple,2016,N/A,1546.3,1104.5
Dell Monitor Model 900,Smartphone,Dell,2024,N/A,N/A,959.0
Oura Headphones Model 824,Tablet,Oura,2023,N/A,N/A,605.0
Samsung Smartphone Model 267,Streaming Device,Samsung,2019,N/A,675.5,482.5
Google Gaming Console Model 357,Headphones,Google,2015,2779,1945.3,1389.5
Huawei Laptop Model 909,Smartwatch,Huawei,2022,N/A,N/A,1066.5
Bose Smartwatch Model 746,Fitness Tracker,Bose,2022,N/A,N/A,882.0
Lenovo Smart Speaker Model 835,Streaming Device,Lenovo,2016,N/A,1178.8,842.0
Bose Headphones Model 648,Monitor,Bose,2018,N/A,594.3,424.5
Oura Laptop Model 757,Headphones,Oura,2019,N/A,2034.1999999999998,1453.0
OnePlus Streaming Device Model 226,Monitor,OnePlus,2022,N/A,N/A,1317.0
Lenovo Smartwatch Model 118,Tablet,Lenovo,2017,N/A,97.3,69.5
Dell Smartphone Model 174,Monitor,Dell,2023,N/A,N/A,929.5
Google Laptop Model 250,Smartwatch,Google,2016,N/A,1987.3,1419.5
Fitbit Gaming Console Model 335,Smartwatch,Fitbit,2020,N/A,1932.6999999999998,1380.5
Asus Monitor Model 671,Monitor,Asus,2016,N/A,271.59999999999997,194.0
Razer Laptop Model 465,Gaming Console,Razer,2022,N/A,N/A,1106.0
Amazon Fitness Tracker Model 952,Fitness Tracker,Amazon,2020,N/A,1372.0,980.0
Oura Smartphone Model 931,Streaming Device,Oura,2017,N/A,1381.1,986.5
LG Fitness Tracker Model 764,Monitor,LG,2024,N/A,N/A,1417.5
Garmin Smartwatch Model 736,Tablet,Garmin,2023,N/A,N/A,937.5
Apple Smart Speaker Model 852,Monitor,Apple,2023,N/A,N/A,377.0
Apple Smart Speaker Model 628,Fitness Tracker,Apple,2020,N/A,1917.9999999999998,1370.0
Garmin Tablet Model 928,Smartphone,Garmin,2016,N/A,1550.5,1107.5
Acer Gaming Console Model 538,Laptop,Acer,2016,N/A,547.4,391.0
Google Tablet Model 764,Fitness Tracker,Google,2020,N/A,1537.8999999999999,1098.5
Lenovo Streaming Device Model 373,Streaming Device,Lenovo,2022,N/A,N/A,1160.0
Microsoft Headphones Model 213,Fitness Tracker,Microsoft,2018,N/A,1478.3999999999999,1056.0
Dell Headphones Model 136,Smartphone,Dell,2015,2368,1657.6,1184.0
Bose Monitor Model 143,Tablet,Bose,2017,N/A,148.39999999999998,106.0
Dell Laptop Model 275,Headphones,Dell,2020,N/A,1619.8,1157.0
Razer Gaming Console Model 831,Smartwatch,Razer,2020,N/A,687.4,491.0
Microsoft Smartphone Model 836,Fitness Tracker,Microsoft,2019,N/A,1131.8999999999999,808.5
HP Tablet Model 279,Tablet,HP,2022,N/A,N/A,787.0
Lenovo Laptop Model 853,Monitor,Lenovo,2019,N/A,490.7,350.5
Samsung Monitor Model 878,Smartwatch,Samsung,2016,N/A,967.4,691.0
Google Gaming Console Model 631,Smart Speaker,Google,2023,N/A,N/A,789.0
Microsoft Smart Speaker Model 485,Smartphone,Microsoft,2024,N/A,N/A,135.5
Lenovo Monitor Model 447,Smart Speaker,Lenovo,2020,N/A,1532.3,1094.5
Fitbit Streaming Device Model 180,Smart Speaker,Fitbit,2017,N/A,1130.5,807.5
LG Monitor Model 245,Fitness Tracker,LG,2015,1142,799.4,571.0
Lenovo Streaming Device Model 869,Laptop,Lenovo,2019,N/A,1568.0,1120.0
Apple Laptop Model 687,Streaming Device,Apple,2016,N/A,193.89999999999998,138.5
Sony Tablet Model 172,Fitness Tracker,Sony,2019,N/A,1152.8999999999999,823.5
Google Smartwatch Model 780,Streaming Device,Google,2018,N/A,53.199999999999996,38.0
Bose Smartwatch Model 524,Tablet,Bose,2022,N/A,N/A,833.5
Sony Gaming Console Model 351,Tablet,Sony,2022,N/A,N/A,188.5
Lenovo Streaming Device Model 115,Streaming Device,Lenovo,2018,N/A,1544.1999999999998,1103.0
Google Smartwatch Model 791,Smartwatch,Google,2021,N/A,N/A,829.0
Fitbit Headphones Model 198,Smartwatch,Fitbit,2017,N/A,679.6999999999999,485.5
Apple Smartwatch Model 168,Smart Speaker,Apple,2020,N/A,224.7,160.5
Asus Smartwatch Model 166,Fitness Tracker,Asus,2024,N/A,N/A,438.5
Asus Laptop Model 535,Streaming Device,Asus,2016,N/A,658.6999999999999,470.5
HP Smartphone Model 850,Monitor,HP,2019,N/A,436.79999999999995,312.0
OnePlus Gaming Console Model 388,Smart Speaker,OnePlus,2024,N/A,N/A,564.5
Acer Streaming Device Model 344,Fitness Tracker,Acer,2019,N/A,656.5999999999999,469.0
Oura Smartphone Model 663,Tablet,Oura,2019,N/A,1507.8,1077.0
Samsung Tablet Model 755,Gaming Console,Samsung,2017,N/A,747.5999999999999,534.0
Microsoft Tablet Model 381,Tablet,Microsoft,2015,655,458.49999999999994,327.5
Oura Smartphone Model 296,Streaming Device,Oura,2017,N/A,38.5,27.5
Garmin Smartphone Model 507,Streaming Device,Garmin,2015,1752,1226.3999999999999,876.0
LG Smart Speaker Model 413,Gaming Console,LG,2023,N/A,N/A,355.5
Razer Tablet Model 731,Smartphone,Razer,2018,N/A,1789.1999999999998,1278.0
HP Gaming Console Model 878,Headphones,HP,2024,N/A,N/A,377.5
Microsoft Streaming Device Model 295,Headphones,Microsoft,2022,N/A,N/A,781.0
Huawei Gaming Console Model 491,Smartwatch,Huawei,2024,N/A,N/A,881.5
Sony Tablet Model 603,Laptop,Sony,2018,N/A,1570.1,1121.5
OnePlus Tablet Model 441,Monitor,OnePlus,2021,N/A,N/A,883.0
Sony Fitness Tracker Model 325,Smartwatch,Sony,2019,N/A,728.0,520.0
Google Tablet Model 920,Tablet,Google,2023,N/A,N/A,242.0
LG Streaming Device Model 554,Smartphone,LG,2016,N/A,1701.6999999999998,1215.5
Apple Smart Speaker Model 184,Streaming Device,Apple,2017,N/A,459.2,328.0
Apple Tablet Model 218,Monitor,Apple,2016,N/A,977.1999999999999,698.0
Amazon Headphones Model 725,Monitor,Amazon,2021,N/A,N/A,156.5
HP Tablet Model 286,Tablet,HP,2019,N/A,1325.8,947.0
Oura Smartwatch Model 280,Laptop,Oura,2021,N/A,N/A,1377.0
Razer Tablet Model 897,Streaming Device,Razer,2020,N/A,1741.6,1244.0
LG Smart Speaker Model 501,Fitness Tracker,LG,2015,2547,1782.8999999999999,1273.5
OnePlus Smartwatch Model 869,Monitor,OnePlus,2018,N/A,2081.1,1486.5
Amazon Laptop Model 505,Smart Speaker,Amazon,2023,N/A,N/A,301.5
Amazon Smartphone Model 830,Smart Speaker,Amazon,2022,N/A,N/A,199.5
Dell Laptop Model 367,Monitor,Dell,2018,N/A,342.29999999999995,244.5
Oura Monitor Model 177,Headphones,Oura,2017,N/A,641.1999999999999,458.0
Huawei Monitor Model 604,Laptop,Huawei,2020,N/A,994.6999999999999,710.5
Huawei Headphones Model 356,Gaming Console,Huawei,2020,N/A,1946.6999999999998,1390.5
Oura Fitness Tracker Model 469,Laptop,Oura,2018,N/A,641.1999999999999,458.0
OnePlus Streaming Device Model 693,Gaming Console,OnePlus,2022,N/A,N/A,752.0
Dell Smartwatch Model 345,Gaming Console,Dell,2024,N/A,N/A,1382.5
Sony Laptop Model 597,Streaming Device,Sony,2020,N/A,1117.1999999999998,798.0
HP Headphones Model 323,Monitor,HP,2019,N/A,420.7,300.5
Apple Laptop Model 467,Fitness Tracker,Apple,2023,N/A,N/A,209.0
Garmin Fitness Tracker Model 953,Tablet,Garmin,2020,N/A,501.9,358.5
Microsoft Smartwatch Model 646,Fitness Tracker,Microsoft,2015,2712,1898.3999999999999,1356.0
Oura Gaming Console Model 781,Smartphone,Oura,2022,N/A,N/A,299.0
Oura Tablet Model 683,Fitness Tracker,Oura,2024,N/A,N/A,482.5
Razer Smartphone Model 883,Headphones,Razer,2022,N/A,N/A,653.0
Amazon Tablet Model 573,Laptop,Amazon,2019,N/A,1983.1,1416.5
OnePlus Streaming Device Model 766,Streaming Device,OnePlus,2023,N/A,N/A,812.0
Samsung Smart Speaker Model 304,Smart Speaker,Samsung,2020,N/A,185.5,132.5
Google Smartphone Model 210,Tablet,Google,2022,N/A,N/A,540.0
Microsoft Laptop Model 411,Laptop,Microsoft,2017,N/A,354.2,253.0
Razer Smartwatch Model 882,Tablet,Razer,2018,N/A,830.9,593.5
Huawei Tablet Model 602,Headphones,Huawei,2015,1872,1310.3999999999999,936.0
Samsung Headphones Model 526,Gaming Console,Samsung,2015,1666,1166.1999999999998,833.0
Apple Headphones Model 917,Smartphone,Apple,2024,N/A,N/A,384.0
Acer Laptop Model 991,Headphones,Acer,2015,2497,1747.8999999999999,1248.5
Sony Smart Speaker Model 125,Headphones,Sony,2019,N/A,967.4,691.0
Huawei Fitness Tracker Model 474,Streaming Device,Huawei,2019,N/A,1835.3999999999999,1311.0
Sony Smartphone Model 675,Streaming Device,Sony,2024,N/A,N/A,365.0
Garmin Headphones Model 972,Streaming Device,Garmin,2017,N/A,978.5999999999999,699.0
LG Fitness Tracker Model 878,Tablet,LG,2017,N/A,338.09999999999997,241.5
LG Smartwatch Model 248,Smartwatch,LG,2017,N/A,631.4,451.0
Google Laptop Model 810,Smartphone,Google,2021,N/A,N/A,704.5
LG Laptop Model 162,Laptop,LG,2024,N/A,N/A,1319.5
Asus Smartphone Model 784,Smartwatch,Asus,2015,1960,1372.0,980.0
Google Tablet Model 798,Laptop,Google,2022,N/A,N/A,853.5
Microsoft Monitor Model 608,Laptop,Microsoft,2015,1128,789.5999999999999,564.0
Apple Smartphone Model 478,Fitness Tracker,Apple,2019,N/A,1310.3999999999999,936.0
Asus Smartphone Model 880,Fitness Tracker,Asus,2024,N/A,N/A,28.0
HP Fitness Tracker Model 849,Fitness Tracker,HP,2023,N/A,N/A,571.0
Samsung Fitness Tracker Model 597,Laptop,Samsung,2016,N/A,1945.9999999999998,1390.0
Acer Smart Speaker Model 517,Laptop,Acer,2024,N/A,N/A,1333.0
Dell Headphones Model 954,Streaming Device,Dell,2024,N/A,N/A,677.0
Google Gaming Console Model 987,Smart Speaker,Google,2019,N/A,849.0999999999999,606.5
Razer Smart Speaker Model 574,Tablet,Razer,2019,N/A,612.5,437.5
Garmin Smartphone Model 347,Laptop,Garmin,2021,N/A,N/A,246.5
Google Headphones Model 938,Gaming Console,Google,2016,N/A,1256.5,897.5
Asus Tablet Model 160,Headphones,Asus,2020,N/A,2048.9,1463.5
Bose Laptop Model 897,Smartphone,Bose,2020,N/A,175.0,125.0
Samsung Streaming Device Model 585,Smartwatch,Samsung,2023,N/A,N/A,1096.0
Amazon Fitness Tracker Model 539,Streaming Device,Amazon,2018,N/A,343.7,245.5
LG Smartphone Model 577,Tablet,LG,2021,N/A,N/A,647.5
Samsung Smart Speaker Model 314,Smartphone,Samsung,2022,N/A,N/A,376.0
Garmin Smartphone Model 467,Smart Speaker,Garmin,2022,N/A,N/A,729.0
Sony Headphones Model 453,Smartphone,Sony,2017,N/A,1733.1999999999998,1238.0
Fitbit Fitness Tracker Model 960,Headphones,Fitbit,2016,N/A,902.3,644.5
OnePlus Smart Speaker Model 553,Headphones,OnePlus,2023,N/A,N/A,1170.0
HP Smartwatch Model 157,Monitor,HP,2017,N/A,1406.3,1004.5
OnePlus Fitness Tracker Model 921,Laptop,OnePlus,2022,N/A,N/A,695.5
HP Smartwatch Model 123,Smartphone,HP,2017,N/A,1876.6999999999998,1340.5
Asus Smartphone Model 165,Tablet,Asus,2016,N/A,2081.1,1486.5
Lenovo Tablet Model 914,Monitor,Lenovo,2024,N/A,N/A,444.5
Fitbit Smart Speaker Model 833,Smartphone,Fitbit,2016,N/A,921.1999999999999,658.0
LG Headphones Model 607,Smartwatch,LG,2016,N/A,2081.7999999999997,1487.0
Amazon Fitness Tracker Model 680,Smartphone,Amazon,2024,N/A,N/A,1310.0
Garmin Fitness Tracker Model 117,Smartwatch,Garmin,2017,N/A,1306.1999999999998,933.0
Huawei Smartwatch Model 861,Fitness Tracker,Huawei,2019,N/A,1044.3999999999999,746.0
Garmin Tablet Model 874,Streaming Device,Garmin,2021,N/A,N/A,1201.0
Samsung Smartwatch Model 900,Fitness Tracker,Samsung,2021,N/A,N/A,706.0
Razer Monitor Model 910,Gaming Console,Razer,2019,N/A,45.5,32.5
Sony Streaming Device Model 197,Smartphone,Sony,2018,N/A,651.0,465.0
Dell Smart Speaker Model 431,Laptop,Dell,2016,N/A,1388.1,991.5
Acer Smartphone Model 812,Smartwatch,Acer,2015,2709,1896.3,1354.5
Oura Streaming Device Model 845,Monitor,Oura,2017,N/A,1471.3999999999999,1051.0
Lenovo Tablet Model 484,Smartwatch,Lenovo,2020,N/A,268.79999999999995,192.0
Dell Tablet Model 179,Gaming Console,Dell,2016,N/A,1901.8999999999999,1358.5
Dell Fitness Tracker Model 432,Fitness Tracker,Dell,2017,N/A,1430.8,1022.0
Apple Smart Speaker Model 675,Laptop,Apple,2018,N/A,807.0999999999999,576.5
Razer Streaming Device Model 813,Gaming Console,Razer,2017,N/A,970.1999999999999,693.0
Bose Monitor Model 128,Laptop,Bose,2021,N/A,N/A,1297.0
LG Smart Speaker Model 900,Headphones,LG,2016,N/A,493.49999999999994,352.5
Fitbit Headphones Model 818,Tablet,Fitbit,2024,N/A,N/A,1164.5
OnePlus Laptop Model 868,Fitness Tracker,OnePlus,2017,N/A,286.29999999999995,204.5
Samsung Headphones Model 714,Headphones,Samsung,2024,N/A,N/A,940.5
Garmin Tablet Model 409,Tablet,Garmin,2015,1097,767.9,548.5
Microsoft Smartphone Model 346,Streaming Device,Microsoft,2016,N/A,1281.6999999999998,915.5
Google Laptop Model 264,Laptop,Google,2021,N/A,N/A,854.5
Sony Smartwatch Model 703,Headphones,Sony,2018,N/A,690.9,493.5
Razer Smart Speaker Model 445,Fitness Tracker,Razer,2019,N/A,1510.6,1079.0
Acer Headphones Model 864,Fitness Tracker,Acer,2020,N/A,1961.3999999999999,1401.0
Garmin Streaming Device Model 779,Laptop,Garmin,2021,N/A,N/A,1179.5
OnePlus Headphones Model 243,Headphones,OnePlus,2022,N/A,N/A,1221.0
Dell Fitness Tracker Model 225,Streaming Device,Dell,2018,N/A,352.79999999999995,252.0
OnePlus Gaming Console Model 225,Gaming Console,OnePlus,2015,2503,1752.1,1251.5
Dell Monitor Model 505,Headphones,Dell,2020,N/A,1297.8,927.0
Bose Monitor Model 501,Smartwatch,Bose,2024,N/A,N/A,1156.5
HP Smartphone Model 750,Gaming Console,HP,2017,N/A,1125.6,804.0
Google Smartphone Model 317,Smartphone,Google,2015,1034,723.8,517.0
Microsoft Gaming Console Model 327,Fitness Tracker,Microsoft,2019,N/A,1618.3999999999999,1156.0
Lenovo Smartwatch Model 784,Laptop,Lenovo,2015,333,233.1,166.5
Sony Tablet Model 792,Smartwatch,Sony,2023,N/A,N/A,582.0
Oura Gaming Console Model 814,Fitness Tracker,Oura,2016,N/A,743.4,531.0
Bose Gaming Console Model 763,Streaming Device,Bose,2015,2461,1722.6999999999998,1230.5
LG Headphones Model 716,Streaming Device,LG,2022,N/A,N/A,1336.0
Razer Streaming Device Model 635,Tablet,Razer,2019,N/A,1010.0999999999999,721.5
Bose Smartphone Model 177,Gaming Console,Bose,2015,2948,2063.6,1474.0
Razer Gaming Console Model 957,Headphones,Razer,2022,N/A,N/A,1462.5
Amazon Laptop Model 538,Fitness Tracker,Amazon,2024,N/A,N/A,341.0
HP Monitor Model 698,Smart Speaker,HP,2023,N/A,N/A,1499.0
Amazon Laptop Model 162,Tablet,Amazon,2023,N/A,N/A,771.0
LG Gaming Console Model 343,Monitor,LG,2023,N/A,N/A,354.0
Fitbit Tablet Model 464,Streaming Device,Fitbit,2015,1188,831.5999999999999,594.0
OnePlus Headphones Model 735,Headphones,OnePlus,2023,N/A,N/A,399.5
OnePlus Gaming Console Model 729,Monitor,OnePlus,2021,N/A,N/A,559.5
Asus Headphones Model 110,Laptop,Asus,2016,N/A,1222.8999999999999,873.5
Samsung Smart Speaker Model 490,Tablet,Samsung,2017,N/A,1902.6,1359.0
Amazon Monitor Model 800,Smartphone,Amazon,2023,N/A,N/A,250.0
Samsung Gaming Console Model 460,Gaming Console,Samsung,2015,2393,1675.1,1196.5
Asus Streaming Device Model 891,Gaming Console,Asus,2020,N/A,1068.2,763.0
Samsung Tablet Model 984,Headphones,Samsung,2017,N/A,606.9,433.5
Asus Gaming Console Model 721,Headphones,Asus,2023,N/A,N/A,1300.0
OnePlus Headphones Model 580,Tablet,OnePlus,2019,N/A,853.3,609.5
Oura Streaming Device Model 712,Smartphone,Oura,2015,1219,853.3,609.5
Garmin Laptop Model 809,Tablet,Garmin,2017,N/A,2039.1,1456.5
Oura Smartphone Model 203,Monitor,Oura,2019,N/A,1673.0,1195.0
Razer Smart Speaker Model 637,Smart Speaker,Razer,2016,N/A,39.9,28.5
Microsoft Smartphone Model 786,Monitor,Microsoft,2017,N/A,425.59999999999997,304.0
Acer Smartphone Model 505,Smartphone,Acer,2018,N/A,1871.1,1336.5
LG Streaming Device Model 365,Monitor,LG,2015,1339,937.3,669.5
HP Smartphone Model 377,Laptop,HP,2018,N/A,361.9,258.5
Fitbit Fitness Tracker Model 546,Smartphone,Fitbit,2021,N/A,N/A,570.5
Razer Streaming Device Model 225,Streaming Device,Razer,2019,N/A,1476.3,1054.5
Samsung Fitness Tracker Model 245,Tablet,Samsung,2015,1929,1350.3,964.5
Bose Laptop Model 227,Smart Speaker,Bose,2020,N/A,653.8,467.0
Bose Gaming Console Model 714,Tablet,Bose,2019,N/A,46.9,33.5
Sony Smartwatch Model 879,Laptop,Sony,2016,N/A,389.9,278.5
Bose Headphones Model 164,Smartwatch,Bose,2020,N/A,1131.8999999999999,808.5
Sony Streaming Device Model 110,Streaming Device,Sony,2022,N/A,N/A,190.0
Lenovo Monitor Model 535,Tablet,Lenovo,2020,N/A,1076.6,769.0
LG Laptop Model 612,Tablet,LG,2015,2222,1555.3999999999999,1111.0
Asus Fitness Tracker Model 489,Monitor,Asus,2016,N/A,577.5,412.5
LG Smart Speaker Model 919,Streaming Device,LG,2023,N/A,N/A,1385.5
Amazon Tablet Model 704,Monitor,Amazon,2023,N/A,N/A,841.0
Apple Headphones Model 633,Smartwatch,Apple,2023,N/A,N/A,903.5
HP Smartphone Model 697,Smartwatch,HP,2018,N/A,1575.6999999999998,1125.5
Amazon Tablet Model 889,Tablet,Amazon,2016,N/A,1099.6999999999998,785.5
Asus Tablet Model 418,Smart Speaker,Asus,2018,N/A,1124.8999999999999,803.5
Fitbit Monitor Model 803,Headphones,Fitbit,2021,N/A,N/A,282.5
Asus Smart Speaker Model 342,Smartwatch,Asus,2021,N/A,N/A,433.0
Sony Smart Speaker Model 367,Streaming Device,Sony,2015,1504,1052.8,752.0
Dell Streaming Device Model 733,Tablet,Dell,2018,N/A,444.5,317.5
Razer Smartphone Model 410,Headphones,Razer,2020,N/A,1761.8999999999999,1258.5
HP Smart Speaker Model 584,Smartwatch,HP,2022,N/A,N/A,412.5
Amazon Laptop Model 400,Smartphone,Amazon,2022,N/A,N/A,89.0
HP Streaming Device Model 691,Laptop,HP,2024,N/A,N/A,725.0
Asus Monitor Model 502,Smartphone,Asus,2023,N/A,N/A,385.5
Dell Smartwatch Model 861,Smartphone,Dell,2020,N/A,529.1999999999999,378.0
Huawei Laptop Model 389,Tablet,Huawei,2024,N/A,N/A,1041.5
Amazon Tablet Model 271,Smartphone,Amazon,2022,N/A,N/A,229.0
Lenovo Smartwatch Model 203,Streaming Device,Lenovo,2019,N/A,1159.8999999999999,828.5
Huawei Smart Speaker Model 572,Streaming Device,Huawei,2019,N/A,2049.6,1464.0
Microsoft Laptop Model 527,Headphones,Microsoft,2024,N/A,N/A,27.0
Sony Smart Speaker Model 291,Headphones,Sony,2018,N/A,1845.1999999999998,1318.0
LG Smartwatch Model 660,Monitor,LG,2021,N/A,N/A,662.5
HP Tablet Model 434,Laptop,HP,2015,2054,1437.8,1027.0
LG Gaming Console Model 598,Gaming Console,LG,2024,N/A,N/A,799.0
Apple Gaming Console Model 738,Fitness Tracker,Apple,2016,N/A,1480.5,1057.5
Huawei Laptop Model 605,Monitor,Huawei,2016,N/A,1923.6,1374.0
Amazon Headphones Model 620,Tablet,Amazon,2022,N/A,N/A,606.0
Asus Smart Speaker Model 187,Smartwatch,Asus,2019,N/A,1200.5,857.5
Garmin Gaming Console Model 918,Smart Speaker,Garmin,2021,N/A,N/A,215.0
LG Smartwatch Model 848,Monitor,LG,2016,N/A,1558.8999999999999,1113.5
Microsoft Monitor Model 891,Headphones,Microsoft,2023,N/A,N/A,39.5
Razer Laptop Model 894,Monitor,Razer,2022,N/A,N/A,472.5
Lenovo Smartphone Model 126,Headphones,Lenovo,2017,N/A,970.1999999999999,693.0
Lenovo Smartphone Model 290,Smartphone,Lenovo,2017,N/A,1687.6999999999998,1205.5
Fitbit Tablet Model 854,Fitness Tracker,Fitbit,2024,N/A,N/A,1171.0
Sony Smartphone Model 155,Gaming Console,Sony,2018,N/A,1960.6999999999998,1400.5
OnePlus Smartwatch Model 183,Laptop,OnePlus,2022,N/A,N/A,1179.5
Fitbit Monitor Model 191,Monitor,Fitbit,2017,N/A,886.1999999999999,633.0
Huawei Smartphone Model 927,Headphones,Huawei,2024,N/A,N/A,1290.0
Asus Headphones Model 865,Gaming Console,Asus,2015,2610,1826.9999999999998,1305.0
Microsoft Streaming Device Model 658,Smart Speaker,Microsoft,2018,N/A,51.099999999999994,36.5
Razer Smart Speaker Model 461,Smart Speaker,Razer,2021,N/A,N/A,1288.5
Razer Smartphone Model 169,Streaming Device,Razer,2015,2421,1694.6999999999998,1210.5
Bose Gaming Console Model 827,Smartphone,Bose,2016,N/A,975.0999999999999,696.5
OnePlus Smartwatch Model 984,Fitness Tracker,OnePlus,2017,N/A,1031.1,736.5
Acer Fitness Tracker Model 716,Streaming Device,Acer,2016,N/A,739.1999999999999,528.0
Asus Gaming Console Model 276,Smart Speaker,Asus,2023,N/A,N/A,936.5
OnePlus Smart Speaker Model 366,Gaming Console,OnePlus,2023,N/A,N/A,1095.0
Razer Fitness Tracker Model 308,Monitor,Razer,2017,N/A,1840.3,1314.5
Asus Headphones Model 299,Gaming Console,Asus,2023,N/A,N/A,1273.0
Amazon Laptop Model 301,Smartwatch,Amazon,2016,N/A,2076.2,1483.0
HP Tablet Model 507,Tablet,HP,2024,N/A,N/A,1375.0
Fitbit Smartphone Model 387,Smartphone,Fitbit,2015,2823,1976.1,1411.5
LG Smartphone Model 499,Fitness Tracker,LG,2016,N/A,2076.9,1483.5
Amazon Smart Speaker Model 758,Fitness Tracker,Amazon,2020,N/A,1645.0,1175.0
Microsoft Smart Speaker Model 664,Monitor,Microsoft,2024,N/A,N/A,1256.5
Apple Smartwatch Model 738,Tablet,Apple,2024,N/A,N/A,454.5
Garmin Gaming Console Model 909,Smartphone,Garmin,2024,N/A,N/A,1103.5
Google Gaming Console Model 485,Smartwatch,Google,2018,N/A,392.7,280.5
LG Fitness Tracker Model 582,Smartwatch,LG,2024,N/A,N/A,1311.5
Acer Tablet Model 317,Tablet,Acer,2024,N/A,N/A,1355.0
Asus Smartwatch Model 668,Smart Speaker,Asus,2020,N/A,1163.3999999999999,831.0
Google Fitness Tracker Model 162,Tablet,Google,2021,N/A,N/A,1149.0
OnePlus Gaming Console Model 154,Smartwatch,OnePlus,2023,N/A,N/A,1498.5
Apple Laptop Model 540,Laptop,Apple,2023,N/A,N/A,1124.0
LG Streaming Device Model 763,Streaming Device,LG,2018,N/A,1544.1999999999998,1103.0
Bose Smartphone Model 168,Headphones,Bose,2018,N/A,1624.6999999999998,1160.5
Oura Laptop Model 761,Smartphone,Oura,2023,N/A,N/A,444.0
Garmin Headphones Model 165,Tablet,Garmin,2024,N/A,N/A,1071.5
Fitbit Smartwatch Model 322,Tablet,Fitbit,2018,N/A,249.2,178.0
Lenovo Monitor Model 612,Smart Speaker,Lenovo,2015,332,232.39999999999998,166.0
HP Smartwatch Model 717,Gaming Console,HP,2016,N/A,419.29999999999995,299.5
Garmin Tablet Model 145,Laptop,Garmin,2015,1439,1007.3,719.5
Amazon Laptop Model 626,Smartwatch,Amazon,2021,N/A,N/A,633.0
HP Headphones Model 795,Fitness Tracker,HP,2020,N/A,1946.6999999999998,1390.5
LG Streaming Device Model 498,Smartwatch,LG,2021,N/A,N/A,733.5
Asus Monitor Model 703,Smartphone,Asus,2021,N/A,N/A,417.0
HP Tablet Model 102,Smartwatch,HP,2022,N/A,N/A,111.5
Acer Laptop Model 936,Gaming Console,Acer,2022,N/A,N/A,28.0
Garmin Smart Speaker Model 387,Fitness Tracker,Garmin,2016,N/A,1662.5,1187.5
Dell Fitness Tracker Model 836,Tablet,Dell,2015,826,578.1999999999999,413.0
OnePlus Headphones Model 804,Smart Speaker,OnePlus,2017,N/A,616.0,440.0
Bose Streaming Device Model 265,Gaming Console,Bose,2018,N/A,527.8,377.0
Google Monitor Model 469,Smartphone,Google,2015,1811,1267.6999999999998,905.5
HP Smartwatch Model 493,Smartwatch,HP,2020,N/A,574.0,410.0
Oura Gaming Console Model 383,Headphones,Oura,2024,N/A,N/A,264.0
Bose Monitor Model 620,Smart Speaker,Bose,2021,N/A,N/A,804.0
Dell Gaming Console Model 637,Laptop,Dell,2020,N/A,1729.0,1235.0
Asus Gaming Console Model 826,Tablet,Asus,2018,N/A,1711.5,1222.5
Sony Monitor Model 262,Smart Speaker,Sony,2020,N/A,1005.1999999999999,718.0
Microsoft Gaming Console Model 157,Smartwatch,Microsoft,2024,N/A,N/A,1016.0
Microsoft Smartwatch Model 897,Smartphone,Microsoft,2021,N/A,N/A,603.0
Microsoft Smartwatch Model 538,Smart Speaker,Microsoft,2015,2647,1852.8999999999999,1323.5
LG Smart Speaker Model 635,Tablet,LG,2015,2006,1404.1999999999998,1003.0
Google Headphones Model 799,Smartwatch,Google,2020,N/A,1458.8,1042.0
Fitbit Smartwatch Model 899,Fitness Tracker,Fitbit,2015,2026,1418.1999999999998,1013.0
Bose Smartwatch Model 675,Gaming Console,Bose,2016,N/A,1549.8,1107.0
Huawei Tablet Model 463,Monitor,Huawei,2024,N/A,N/A,1101.5
Google Smart Speaker Model 559,Laptop,Google,2022,N/A,N/A,730.0
Garmin Gaming Console Model 576,Laptop,Garmin,2020,N/A,688.0999999999999,491.5
OnePlus Fitness Tracker Model 991,Smartphone,OnePlus,2019,N/A,1699.6,1214.0
Huawei Smartwatch Model 804,Tablet,Huawei,2018,N/A,820.4,586.0
Dell Smartphone Model 623,Fitness Tracker,Dell,2016,N/A,963.9,688.5
Acer Laptop Model 360,Monitor,Acer,2020,N/A,459.2,328.0
Razer Streaming Device Model 612,Laptop,Razer,2023,N/A,N/A,479.5
LG Tablet Model 123,Smartwatch,LG,2018,N/A,844.1999999999999,603.0
Acer Gaming Console Model 152,Smart Speaker,Acer,2021,N/A,N/A,1257.5
Oura Laptop Model 643,Smartphone,Oura,2016,N/A,1334.1999999999998,953.0
Acer Monitor Model 958,Tablet,Acer,2016,N/A,1921.4999999999998,1372.5
Sony Monitor Model 391,Monitor,Sony,2015,1782,1247.3999999999999,891.0
Acer Streaming Device Model 853,Streaming Device,Acer,2017,N/A,152.6,109.0
Dell Headphones Model 907,Laptop,Dell,2015,1764,1234.8,882.0
Asus Smart Speaker Model 752,Smartwatch,Asus,2015,2422,1695.3999999999999,1211.0
Apple Monitor Model 377,Laptop,Apple,2017,N/A,239.39999999999998,171.0
Apple Gaming Console Model 628,Smartwatch,Apple,2015,2992,2094.4,1496.0
Asus Monitor Model 190,Headphones,Asus,2017,N/A,450.09999999999997,321.5
Dell Smart Speaker Model 474,Tablet,Dell,2022,N/A,N/A,535.0
Asus Smart Speaker Model 293,Tablet,Asus,2021,N/A,N/A,1006.5
Garmin Smart Speaker Model 513,Fitness Tracker,Garmin,2016,N/A,196.7,140.5
Acer Smartphone Model 540,Streaming Device,Acer,2018,N/A,1924.3,1374.5
Huawei Streaming Device Model 305,Smartphone,Huawei,2019,N/A,399.7,285.5
Oura Gaming Console Model 591,Smartwatch,Oura,2021,N/A,N/A,522.0
Fitbit Smart Speaker Model 299,Smartphone,Fitbit,2016,N/A,1664.6,1189.0
Bose Streaming Device Model 779,Monitor,Bose,2021,N/A,N/A,1368.0
Sony Fitness Tracker Model 692,Laptop,Sony,2024,N/A,N/A,551.0
Amazon Streaming Device Model 475,Streaming Device,Amazon,2021,N/A,N/A,305.0
Sony Smartwatch Model 677,Smartwatch,Sony,2020,N/A,767.9,548.5
Oura Smart Speaker Model 839,Smart Speaker,Oura,2022,N/A,N/A,1207.5
Lenovo Laptop Model 253,Gaming Console,Lenovo,2015,2466,1726.1999999999998,1233.0
Fitbit Smartwatch Model 362,Smartphone,Fitbit,2015,67,46.9,33.5
Lenovo Smart Speaker Model 113,Smart Speaker,Lenovo,2016,N/A,1567.3,1119.5
Google Laptop Model 869,Smartphone,Google,2016,N/A,364.0,260.0
Huawei Headphones Model 182,Smartphone,Huawei,2022,N/A,N/A,394.0
Asus Laptop Model 872,Headphones,Asus,2022,N/A,N/A,1029.0
Sony Monitor Model 575,Gaming Console,Sony,2019,N/A,1977.4999999999998,1412.5
LG Laptop Model 858,Smartphone,LG,2017,N/A,1854.3,1324.5
Google Smart Speaker Model 863,Smart Speaker,Google,2016,N/A,969.4999999999999,692.5
Oura Headphones Model 222,Smart Speaker,Oura,2019,N/A,549.5,392.5
Lenovo Fitness Tracker Model 938,Gaming Console,Lenovo,2021,N/A,N/A,167.0
Garmin Laptop Model 568,Laptop,Garmin,2019,N/A,319.2,228.0
Samsung Headphones Model 911,Smart Speaker,Samsung,2017,N/A,208.6,149.0
Garmin Headphones Model 763,Laptop,Garmin,2024,N/A,N/A,833.0
Dell Smart Speaker Model 350,Headphones,Dell,2016,N/A,1593.8999999999999,1138.5
Lenovo Fitness Tracker Model 445,Laptop,Lenovo,2022,N/A,N/A,345.0
Razer Laptop Model 529,Smartphone,Razer,2017,N/A,1065.3999999999999,761.0
LG Headphones Model 655,Smart Speaker,LG,2016,N/A,1751.3999999999999,1251.0
Razer Monitor Model 639,Laptop,Razer,2019,N/A,414.4,296.0
Fitbit Smart Speaker Model 466,Streaming Device,Fitbit,2023,N/A,N/A,798.5
Amazon Laptop Model 116,Smartphone,Amazon,2018,N/A,1027.6,734.0
Huawei Smart Speaker Model 784,Smartwatch,Huawei,2022,N/A,N/A,250.5
HP Streaming Device Model 250,Monitor,HP,2017,N/A,1539.3,1099.5
Razer Smart Speaker Model 246,Laptop,Razer,2015,620,434.0,310.0
Apple Smartphone Model 659,Smart Speaker,Apple,2020,N/A,233.1,166.5
Acer Tablet Model 671,Smartwatch,Acer,2020,N/A,1772.3999999999999,1266.0
HP Gaming Console Model 726,Headphones,HP,2023,N/A,N/A,609.5
Acer Monitor Model 864,Streaming Device,Acer,2015,845,591.5,422.5
Razer Smart Speaker Model 962,Gaming Console,Razer,2018,N/A,1695.3999999999999,1211.0
Google Gaming Console Model 693,Laptop,Google,2017,N/A,2061.5,1472.5
Asus Fitness Tracker Model 988,Smart Speaker,Asus,2020,N/A,1871.1,1336.5
Asus Smartwatch Model 368,Smartphone,Asus,2015,2580,1805.9999999999998,1290.0
Fitbit Streaming Device Model 787,Smartwatch,Fitbit,2015,1359,951.3,679.5
Lenovo Smartwatch Model 464,Smartphone,Lenovo,2018,N/A,350.0,250.0
Microsoft Smartphone Model 966,Smart Speaker,Microsoft,2021,N/A,N/A,1500.0
Oura Smart Speaker Model 824,Smart Speaker,Oura,2018,N/A,1519.6999999999998,1085.5
Lenovo Headphones Model 308,Fitness Tracker,Lenovo,2021,N/A,N/A,925.0
OnePlus Monitor Model 935,Tablet,OnePlus,2017,N/A,766.5,547.5
Google Smartphone Model 287,Streaming Device,Google,2016,N/A,136.5,97.5
Dell Tablet Model 580,Monitor,Dell,2019,N/A,680.4,486.0
Apple Laptop Model 289,Laptop,Apple,2022,N/A,N/A,1144.5
Garmin Laptop Model 504,Monitor,Garmin,2015,871,609.6999999999999,435.5
Oura Headphones Model 917,Headphones,Oura,2017,N/A,269.5,192.5
Razer Fitness Tracker Model 399,Headphones,Razer,2019,N/A,1257.1999999999998,898.0
Acer Gaming Console Model 115,Gaming Console,Acer,2020,N/A,890.4,636.0
Huawei Headphones Model 986,Laptop,Huawei,2020,N/A,1145.1999999999998,818.0
Google Smartwatch Model 180,Smartwatch,Google,2022,N/A,N/A,877.5
Sony Tablet Model 556,Fitness Tracker,Sony,2020,N/A,583.8,417.0
Garmin Smartphone Model 355,Smartwatch,Garmin,2020,N/A,1511.3,1079.5
Apple Monitor Model 239,Headphones,Apple,2016,N/A,2021.6,1444.0
Fitbit Laptop Model 442,Gaming Console,Fitbit,2015,1952,1366.3999999999999,976.0
OnePlus Smartphone Model 406,Gaming Console,OnePlus,2019,N/A,1150.8,822.0
Garmin Smartphone Model 672,Smartwatch,Garmin,2022,N/A,N/A,438.0
Lenovo Streaming Device Model 852,Tablet,Lenovo,2015,2904,2032.8,1452.0
LG Gaming Console Model 465,Laptop,LG,2019,N/A,2079.0,1485.0
LG Tablet Model 453,Gaming Console,LG,2015,2483,1738.1,1241.5
Dell Headphones Model 667,Monitor,Dell,2017,N/A,1972.6,1409.0
Apple Gaming Console Model 987,Smart Speaker,Apple,2021,N/A,N/A,207.5
Acer Monitor Model 125,Headphones,Acer,2021,N/A,N/A,1406.0
Dell Monitor Model 264,Smartphone,Dell,2023,N/A,N/A,234.5
HP Gaming Console Model 551,Fitness Tracker,HP,2022,N/A,N/A,229.5
Acer Fitness Tracker Model 919,Smart Speaker,Acer,2024,N/A,N/A,49.5
Sony Fitness Tracker Model 475,Tablet,Sony,2022,N/A,N/A,681.5
Acer Headphones Model 757,Laptop,Acer,2015,747,522.9,373.5
Amazon Fitness Tracker Model 538,Tablet,Amazon,2021,N/A,N/A,38.5
Razer Streaming Device Model 975,Headphones,Razer,2015,1439,1007.3,719.5
Garmin Smart Speaker Model 701,Streaming Device,Garmin,2015,2795,1956.4999999999998,1397.5
Sony Monitor Model 592,Headphones,Sony,2021,N/A,N/A,1015.0
Apple Laptop Model 991,Tablet,Apple,2022,N/A,N/A,951.5
Amazon Gaming Console Model 981,Tablet,Amazon,2020,N/A,1778.6999999999998,1270.5
HP Smart Speaker Model 676,Fitness Tracker,HP,2017,N/A,331.79999999999995,237.0
Huawei Fitness Tracker Model 541,Smart Speaker,Huawei,2021,N/A,N/A,179.0
Samsung Streaming Device Model 286,Smart Speaker,Samsung,2020,N/A,970.9,693.5
Acer Smartwatch Model 994,Gaming Console,Acer,2015,583,408.09999999999997,291.5
Huawei Smartwatch Model 206,Smartphone,Huawei,2018,N/A,1753.5,1252.5
Bose Smartwatch Model 817,Laptop,Bose,2018,N/A,1079.3999999999999,771.0
Amazon Headphones Model 846,Streaming Device,Amazon,2024,N/A,N/A,157.5
LG Smartphone Model 710,Fitness Tracker,LG,2021,N/A,N/A,1107.0
Amazon Tablet Model 429,Laptop,Amazon,2022,N/A,N/A,189.0
HP Headphones Model 929,Monitor,HP,2021,N/A,N/A,1237.5
Dell Streaming Device Model 184,Smart Speaker,Dell,2015,148,103.6,74.0
HP Tablet Model 166,Headphones,HP,2016,N/A,1891.3999999999999,1351.0
Bose Gaming Console Model 892,Smartphone,Bose,2023,N/A,N/A,510.0
Garmin Gaming Console Model 987,Smartphone,Garmin,2017,N/A,688.0999999999999,491.5
OnePlus Gaming Console Model 346,Monitor,OnePlus,2018,N/A,977.9,698.5
OnePlus Laptop Model 937,Smartwatch,OnePlus,2020,N/A,487.9,348.5
Microsoft Smartwatch Model 108,Smartwatch,Microsoft,2015,813,569.0999999999999,406.5
Amazon Gaming Console Model 606,Gaming Console,Amazon,2016,N/A,268.09999999999997,191.5
Garmin Laptop Model 736,Smartwatch,Garmin,2021,N/A,N/A,882.0
Lenovo Fitness Tracker Model 543,Tablet,Lenovo,2023,N/A,N/A,949.5
Microsoft Tablet Model 210,Streaming Device,Microsoft,2016,N/A,1341.1999999999998,958.0
Samsung Laptop Model 853,Smart Speaker,Samsung,2018,N/A,1915.8999999999999,1368.5
Oura Smart Speaker Model 978,Smartwatch,Oura,2024,N/A,N/A,382.5
Garmin Headphones Model 683,Headphones,Garmin,2017,N/A,1794.1,1281.5
Lenovo Laptop Model 346,Fitness Tracker,Lenovo,2021,N/A,N/A,675.0
Samsung Monitor Model 691,Tablet,Samsung,2019,N/A,1063.3,759.5
Huawei Headphones Model 476,Gaming Console,Huawei,2020,N/A,1173.1999999999998,838.0
LG Monitor Model 693,Smartphone,LG,2020,N/A,723.0999999999999,516.5
Amazon Smart Speaker Model 454,Smart Speaker,Amazon,2018,N/A,1912.3999999999999,1366.0
LG Smartwatch Model 635,Gaming Console,LG,2018,N/A,1949.4999999999998,1392.5
Huawei Streaming Device Model 607,Headphones,Huawei,2017,N/A,2072.0,1480.0
Fitbit Streaming Device Model 661,Monitor,Fitbit,2017,N/A,418.59999999999997,299.0
Garmin Laptop Model 257,Monitor,Garmin,2023,N/A,N/A,943.5
Huawei Headphones Model 105,Smart Speaker,Huawei,2018,N/A,427.7,305.5
Amazon Headphones Model 870,Smart Speaker,Amazon,2018,N/A,977.1999999999999,698.0
Bose Headphones Model 416,Headphones,Bose,2023,N/A,N/A,391.5
Apple Smart Speaker Model 858,Monitor,Apple,2024,N/A,N/A,185.5
Amazon Fitness Tracker Model 701,Streaming Device,Amazon,2018,N/A,97.3,69.5
Asus Smart Speaker Model 661,Headphones,Asus,2017,N/A,875.0,625.0
HP Fitness Tracker Model 784,Fitness Tracker,HP,2024,N/A,N/A,1177.0
Samsung Tablet Model 137,Laptop,Samsung,2020,N/A,1544.8999999999999,1103.5
Google Gaming Console Model 824,Streaming Device,Google,2023,N/A,N/A,343.5
Sony Gaming Console Model 421,Streaming Device,Sony,2018,N/A,1565.8999999999999,1118.5
Sony Fitness Tracker Model 660,Fitness Tracker,Sony,2018,N/A,1572.1999999999998,1123.0
Razer Monitor Model 754,Gaming Console,Razer,2016,N/A,2028.6,1449.0
Samsung Fitness Tracker Model 392,Fitness Tracker,Samsung,2023,N/A,N/A,1481.0
Dell Fitness Tracker Model 798,Smart Speaker,Dell,2015,2021,1414.6999999999998,1010.5
Garmin Smartwatch Model 599,Headphones,Garmin,2015,1788,1251.6,894.0
OnePlus Tablet Model 732,Smart Speaker,OnePlus,2022,N/A,N/A,78.5
Fitbit Tablet Model 759,Smartphone,Fitbit,2021,N/A,N/A,397.5
Huawei Smartphone Model 116,Laptop,Huawei,2023,N/A,N/A,622.5
Fitbit Smart Speaker Model 470,Smart Speaker,Fitbit,2021,N/A,N/A,874.0
Oura Streaming Device Model 796,Gaming Console,Oura,2021,N/A,N/A,1414.5
Fitbit Fitness Tracker Model 481,Smartwatch,Fitbit,2021,N/A,N/A,612.0
Microsoft Smartwatch Model 797,Headphones,Microsoft,2015,2989,2092.2999999999997,1494.5
Asus Laptop Model 725,Streaming Device,Asus,2021,N/A,N/A,1211.5
Dell Laptop Model 632,Tablet,Dell,2024,N/A,N/A,998.5
Asus Smart Speaker Model 781,Fitness Tracker,Asus,2023,N/A,N/A,1335.0
Amazon Fitness Tracker Model 247,Monitor,Amazon,2019,N/A,1631.0,1165.0
Acer Streaming Device Model 635,Smartwatch,Acer,2023,N/A,N/A,1301.5
LG Streaming Device Model 208,Laptop,LG,2023,N/A,N/A,1201.5
Huawei Fitness Tracker Model 849,Laptop,Huawei,2024,N/A,N/A,565.0
Fitbit Smartphone Model 215,Smart Speaker,Fitbit,2017,N/A,1161.3,829.5
Asus Smart Speaker Model 714,Smartphone,Asus,2021,N/A,N/A,1021.5
Garmin Monitor Model 428,Laptop,Garmin,2021,N/A,N/A,237.0
Huawei Laptop Model 725,Tablet,Huawei,2022,N/A,N/A,1218.0
Bose Smartphone Model 742,Smartphone,Bose,2021,N/A,N/A,36.5
HP Monitor Model 432,Streaming Device,HP,2017,N/A,2066.4,1476.0
Sony Tablet Model 882,Headphones,Sony,2024,N/A,N/A,1450.5
Samsung Monitor Model 165,Smart Speaker,Samsung,2020,N/A,212.1,151.5
Dell Smartwatch Model 454,Smartphone,Dell,2022,N/A,N/A,789.0
Dell Gaming Console Model 924,Fitness Tracker,Dell,2016,N/A,1955.8,1397.0
Microsoft Fitness Tracker Model 991,Headphones,Microsoft,2019,N/A,529.9,378.5
Bose Streaming Device Model 742,Smartwatch,Bose,2017,N/A,240.79999999999998,172.0
Asus Streaming Device Model 794,Smartwatch,Asus,2024,N/A,N/A,1444.5
Bose Smart Speaker Model 104,Monitor,Bose,2017,N/A,1826.3,1304.5
Razer Monitor Model 742,Smartwatch,Razer,2015,1195,836.5,597.5
Garmin Fitness Tracker Model 794,Smartphone,Garmin,2015,145,101.5,72.5
Acer Monitor Model 212,Smartphone,Acer,2019,N/A,667.0999999999999,476.5
Huawei Tablet Model 736,Monitor,Huawei,2024,N/A,N/A,1236.5
Samsung Smart Speaker Model 661,Fitness Tracker,Samsung,2022,N/A,N/A,381.5
Apple Monitor Model 534,Smart Speaker,Apple,2018,N/A,1066.8,762.0
Dell Monitor Model 991,Smart Speaker,Dell,2021,N/A,N/A,936.5
Sony Smartwatch Model 431,Smartphone,Sony,2024,N/A,N/A,104.0
HP Streaming Device Model 308,Fitness Tracker,HP,2018,N/A,2075.5,1482.5
Dell Headphones Model 927,Smart Speaker,Dell,2020,N/A,1625.3999999999999,1161.0
Google Streaming Device Model 260,Smartwatch,Google,2017,N/A,191.79999999999998,137.0
Samsung Fitness Tracker Model 428,Headphones,Samsung,2022,N/A,N/A,1435.5
Razer Smart Speaker Model 759,Laptop,Razer,2020,N/A,1325.8,947.0
Samsung Gaming Console Model 421,Monitor,Samsung,2018,N/A,541.8,387.0
Fitbit Streaming Device Model 112,Headphones,Fitbit,2017,N/A,936.5999999999999,669.0
LG Gaming Console Model 356,Smartphone,LG,2017,N/A,523.6,374.0
Fitbit Smartwatch Model 598,Gaming Console,Fitbit,2023,N/A,N/A,1301.0
Garmin Smart Speaker Model 848,Monitor,Garmin,2019,N/A,1861.9999999999998,1330.0
Microsoft Laptop Model 209,Gaming Console,Microsoft,2020,N/A,504.7,360.5
Fitbit Gaming Console Model 381,Gaming Console,Fitbit,2021,N/A,N/A,1161.0
Bose Smart Speaker Model 233,Smartphone,Bose,2022,N/A,N/A,415.0
Samsung Tablet Model 684,Smart Speaker,Samsung,2018,N/A,1551.8999999999999,1108.5
HP Smartwatch Model 232,Streaming Device,HP,2018,N/A,535.5,382.5
Microsoft Smart Speaker Model 493,Monitor,Microsoft,2020,N/A,2048.9,1463.5
Razer Smartwatch Model 115,Smartwatch,Razer,2016,N/A,757.4,541.0
Fitbit Smartwatch Model 106,Streaming Device,Fitbit,2021,N/A,N/A,182.0
Amazon Fitness Tracker Model 469,Smartphone,Amazon,2018,N/A,368.9,263.5
Dell Streaming Device Model 336,Laptop,Dell,2024,N/A,N/A,33.0
HP Headphones Model 160,Smartwatch,HP,2017,N/A,1245.3,889.5
Garmin Smartphone Model 181,Smartphone,Garmin,2015,2031,1421.6999999999998,1015.5
Garmin Gaming Console Model 551,Smart Speaker,Garmin,2019,N/A,245.7,175.5
Razer Fitness Tracker Model 373,Smartphone,Razer,2018,N/A,526.4,376.0
Samsung Smartwatch Model 966,Monitor,Samsung,2023,N/A,N/A,152.0
Microsoft Gaming Console Model 697,Smartwatch,Microsoft,2017,N/A,618.8,442.0
Huawei Streaming Device Model 479,Smart Speaker,Huawei,2024,N/A,N/A,830.5
Apple Smart Speaker Model 942,Laptop,Apple,2023,N/A,N/A,1305.5
HP Monitor Model 740,Tablet,HP,2018,N/A,1559.6,1114.0
Amazon Smartwatch Model 915,Headphones,Amazon,2020,N/A,1310.3999999999999,936.0
HP Smartwatch Model 561,Monitor,HP,2023,N/A,N/A,361.5
Amazon Tablet Model 768,Fitness Tracker,Amazon,2019,N/A,249.2,178.0
HP Laptop Model 494,Laptop,HP,2015,1921,1344.6999999999998,960.5
Google Smart Speaker Model 493,Fitness Tracker,Google,2020,N/A,2020.1999999999998,1443.0
Microsoft Headphones Model 623,Monitor,Microsoft,2016,N/A,1521.1,1086.5
Fitbit Fitness Tracker Model 356,Monitor,Fitbit,2024,N/A,N/A,632.5
Google Gaming Console Model 155,Gaming Console,Google,2023,N/A,N/A,1451.0
Garmin Laptop Model 513,Smart Speaker,Garmin,2015,2994,2095.7999999999997,1497.0
Lenovo Smart Speaker Model 304,Smartwatch,Lenovo,2024,N/A,N/A,1203.5
Samsung Laptop Model 320,Headphones,Samsung,2023,N/A,N/A,781.5
Razer Monitor Model 690,Laptop,Razer,2022,N/A,N/A,367.0
Asus Gaming Console Model 575,Smartphone,Asus,2024,N/A,N/A,253.5
LG Smartphone Model 225,Gaming Console,LG,2016,N/A,958.3,684.5
Dell Tablet Model 473,Monitor,Dell,2021,N/A,N/A,416.0
Oura Streaming Device Model 162,Gaming Console,Oura,2015,2179,1525.3,1089.5
Samsung Smart Speaker Model 572,Smart Speaker,Samsung,2022,N/A,N/A,1317.5
Asus Fitness Tracker Model 676,Smart Speaker,Asus,2021,N/A,N/A,861.5
OnePlus Fitness Tracker Model 264,Gaming Console,OnePlus,2022,N/A,N/A,223.5
Oura Monitor Model 883,Smartwatch,Oura,2018,N/A,375.9,268.5
HP Smartphone Model 987,Gaming Console,HP,2018,N/A,363.29999999999995,259.5
Bose Gaming Console Model 708,Smart Speaker,Bose,2020,N/A,900.1999999999999,643.0
Fitbit Smartphone Model 814,Streaming Device,Fitbit,2022,N/A,N/A,618.0
Microsoft Streaming Device Model 949,Streaming Device,Microsoft,2016,N/A,1781.5,1272.5
OnePlus Tablet Model 824,Smartphone,OnePlus,2022,N/A,N/A,516.5
Dell Gaming Console Model 956,Tablet,Dell,2019,N/A,1131.8999999999999,808.5
Fitbit Smart Speaker Model 317,Laptop,Fitbit,2016,N/A,599.9,428.5
Fitbit Smart Speaker Model 611,Tablet,Fitbit,2020,N/A,1243.8999999999999,888.5
Asus Smartwatch Model 720,Smartwatch,Asus,2015,2141,1498.6999999999998,1070.5
Asus Monitor Model 861,Streaming Device,Asus,2020,N/A,1711.5,1222.5
Apple Streaming Device Model 927,Smart Speaker,Apple,2017,N/A,613.9,438.5
Apple Streaming Device Model 741,Gaming Console,Apple,2020,N/A,1864.1,1331.5
Microsoft Smart Speaker Model 351,Streaming Device,Microsoft,2021,N/A,N/A,602.0
Asus Smartwatch Model 370,Gaming Console,Asus,2015,2319,1623.3,1159.5
Dell Streaming Device Model 630,Laptop,Dell,2021,N/A,N/A,725.0
Garmin Smartwatch Model 730,Monitor,Garmin,2024,N/A,N/A,1103.5
Lenovo Tablet Model 724,Monitor,Lenovo,2022,N/A,N/A,919.5
OnePlus Smartphone Model 373,Fitness Tracker,OnePlus,2020,N/A,577.5,412.5
Apple Laptop Model 819,Smartwatch,Apple,2021,N/A,N/A,271.0
Asus Laptop Model 400,Gaming Console,Asus,2016,N/A,2004.8,1432.0
Garmin Smartwatch Model 373,Streaming Device,Garmin,2022,N/A,N/A,692.0
Oura Tablet Model 697,Smartwatch,Oura,2023,N/A,N/A,297.0
LG Headphones Model 543,Smartwatch,LG,2019,N/A,201.6,144.0
Huawei Streaming Device Model 850,Smartphone,Huawei,2016,N/A,1214.5,867.5
Microsoft Tablet Model 252,Monitor,Microsoft,2018,N/A,1040.2,743.0
Oura Laptop Model 636,Tablet,Oura,2018,N/A,417.2,298.0
Bose Headphones Model 425,Smartphone,Bose,2016,N/A,1938.9999999999998,1385.0
Samsung Smart Speaker Model 968,Gaming Console,Samsung,2020,N/A,154.0,110.0
HP Gaming Console Model 244,Laptop,HP,2023,N/A,N/A,1230.0
Razer Smart Speaker Model 952,Smartphone,Razer,2022,N/A,N/A,1437.5
Apple Streaming Device Model 655,Fitness Tracker,Apple,2020,N/A,1340.5,957.5
Google Smart Speaker Model 359,Fitness Tracker,Google,2024,N/A,N/A,719.0
Garmin Tablet Model 658,Smartphone,Garmin,2021,N/A,N/A,903.0
Garmin Headphones Model 482,Smart Speaker,Garmin,2022,N/A,N/A,689.5
Acer Headphones Model 678,Fitness Tracker,Acer,2023,N/A,N/A,1019.5
Huawei Smartphone Model 294,Laptop,Huawei,2023,N/A,N/A,479.0
Samsung Fitness Tracker Model 829,Smartwatch,Samsung,2021,N/A,N/A,1390.0
Fitbit Tablet Model 819,Laptop,Fitbit,2021,N/A,N/A,1416.5
Samsung Laptop Model 279,Monitor,Samsung,2019,N/A,2012.4999999999998,1437.5
Oura Tablet Model 119,Fitness Tracker,Oura,2022,N/A,N/A,358.5
Fitbit Fitness Tracker Model 417,Tablet,Fitbit,2017,N/A,1453.1999999999998,1038.0
Bose Gaming Console Model 444,Smartphone,Bose,2017,N/A,1958.6,1399.0
Samsung Smart Speaker Model 197,Smartwatch,Samsung,2017,N/A,504.7,360.5
Oura Laptop Model 714,Smartphone,Oura,2022,N/A,N/A,303.5
Samsung Headphones Model 447,Laptop,Samsung,2015,2443,1710.1,1221.5
LG Fitness Tracker Model 754,Headphones,LG,2023,N/A,N/A,265.5
Microsoft Smartphone Model 286,Smartphone,Microsoft,2022,N/A,N/A,1082.0
Garmin Smartwatch Model 206,Gaming Console,Garmin,2024,N/A,N/A,1391.0
Asus Laptop Model 237,Streaming Device,Asus,2015,986,690.1999999999999,493.0
HP Smartphone Model 965,Gaming Console,HP,2020,N/A,1710.1,1221.5
Dell Smartphone Model 624,Smartwatch,Dell,2017,N/A,1608.6,1149.0
Sony Smart Speaker Model 290,Monitor,Sony,2020,N/A,1646.3999999999999,1176.0
LG Smartphone Model 852,Smartphone,LG,2022,N/A,N/A,555.5
Asus Headphones Model 434,Monitor,Asus,2018,N/A,76.3,54.5
Lenovo Smartwatch Model 922,Gaming Console,Lenovo,2018,N/A,2064.2999999999997,1474.5
Dell Smart Speaker Model 845,Headphones,Dell,2024,N/A,N/A,837.0
Dell Smart Speaker Model 191,Headphones,Dell,2023,N/A,N/A,1106.5
Lenovo Smartphone Model 255,Headphones,Lenovo,2024,N/A,N/A,1176.5
Samsung Headphones Model 388,Headphones,Samsung,2015,1724,1206.8,862.0
HP Smartwatch Model 381,Fitness Tracker,HP,2022,N/A,N/A,1156.5
Oura Smart Speaker Model 835,Tablet,Oura,2021,N/A,N/A,322.0
Bose Laptop Model 390,Tablet,Bose,2016,N/A,1962.8,1402.0
Apple Laptop Model 690,Fitness Tracker,Apple,2019,N/A,863.8,617.0
Lenovo Gaming Console Model 608,Monitor,Lenovo,2024,N/A,N/A,911.0
Razer Smartphone Model 247,Smartphone,Razer,2020,N/A,1080.1,771.5
HP Headphones Model 357,Streaming Device,HP,2018,N/A,415.79999999999995,297.0
Oura Headphones Model 331,Fitness Tracker,Oura,2020,N/A,2048.2,1463.0
Acer Smartwatch Model 810,Smartphone,Acer,2022,N/A,N/A,750.0
Fitbit Gaming Console Model 102,Smartwatch,Fitbit,2016,N/A,1927.1,1376.5
Samsung Streaming Device Model 365,Tablet,Samsung,2023,N/A,N/A,399.0
